{
  "name": "ALATAS WHATSAPP",
  "short_name": "AlatasWA",
  "description": "Enterprise Multi-Account WhatsApp Dashboard for Professionals",
  "icons": [
    {
      "src": "https://api.dicebear.com/7.x/initials/svg?seed=AW&backgroundColor=10b981&fontFamily=Arial&fontWeight=bold",
      "sizes": "192x192",
      "type": "image/png"
    },
    {
      "src": "https://api.dicebear.com/7.x/initials/svg?seed=AW&backgroundColor=10b981&fontFamily=Arial&fontWeight=bold",
      "sizes": "512x512",
      "type": "image/png"
    }
  ],
  "requestFramePermissions": [
    "camera",
    "microphone"
  ],
  "start_url": "/",
  "display": "standalone",
  "theme_color": "#10b981",
  "background_color": "#ffffff"
}